n_pairs,mean_delta,median_delta,boot95_mean_lo,boot95_mean_hi,wilcoxon_p_greater,mechanism,edge_set,k_days,min_duration
1510,0.2321848074628028,0.15380859375,0.1892262490651268,0.27658945912982497,1.023918047120445e-23,Coherent,all_edges,3,2
2085,0.020368940261699598,0.0498046875,-0.016160946662450652,0.05990131878890363,0.012628555359631338,Coherent,long_range_gt2500km,3,2
3349,0.02935550208477413,0.024979889392852783,-0.003588421344250957,0.06069605800126578,0.05689325897645695,Dipole,all_edges,3,2
2998,0.04243863330255595,0.04363933205604553,0.010171816279904157,0.07425244997036182,0.005285592908443325,Dipole,long_range_gt2500km,3,2
